station_name,station_name_alt,latitude,longitude,pct_7day,pct_30day,30day_7day_ratio,daily_riders,boro_census_tract,pretty_census_tract,median_household_income,median_household_income_moe,pct_households_poverty,pct_households_poverty_moe
"86 St (B,C)","86 St (A,B,C)",40.7858233797,-73.9688284946,0.1544134593,0.3620850326,2.3449059055,9658,1017300,"Manhattan, Census Tract 173",108173,5777,0.064,0.042
"96 St (B,C)","96 St (A,B,C)",40.7916191312,-73.9646024566,0.1636159287,0.367723356,2.2474789522,8524,1018100,"Manhattan, Census Tract 181",67742,15538,0.105,0.037
"Eastern Pkwy-Brooklyn Museum (2,3)",Eastern Pkwy - Bklyn Museum,40.6720325689,-73.964222037,0.1795816206,0.3749338651,2.0878186969,4756,3021500,"Brooklyn, Census Tract 215",55969,10177,0.206,0.086
"5 Av-59 St (N,Q,R)",,40.7648113328,-73.9733470002,0.1707139283,0.3011226396,1.7639020003,17215,1011401,"Manhattan, Census Tract 114.01",175475,66019,0.052,0.033
"72 St (B,C)","72 St (A,B,C)",40.775519731,-73.9763365755,0.1915097176,0.2985784771,1.5590774235,8800,1015700,"Manhattan, Census Tract 157",109953,25033,0.053,0.021
"Queens Plaza (E,M,R)",Queens Plz,40.7489180531,-73.9371382393,0.2135677278,0.332096849,1.5549954687,8000,4003300,"Queens, Census Tract 33",47500,12994,0.339,0.083
"103 St (B,C)","103 St (A,B,C)",40.7960610736,-73.9613700822,0.2313023657,0.3450360399,1.491709948,4189,1018900,"Manhattan, Census Tract 189",30417,11504,0.332,0.073
"81 St-Museum of Natural History (B,C)",81st St,40.7813464177,-73.9720979494,0.2034330666,0.2814513108,1.3835081755,12228,1016500,"Manhattan, Census Tract 165",123834,15397,0.042,0.021
"36 St (M,R)","36 St (E,M,R)",40.7519603775,-73.9290181847,0.249563578,0.288846549,1.1574066669,3234,4015700,"Queens, Census Tract 157",46000,3359,0.214,0.101
Mets-Willets Point (7),,40.7546223325,-73.8456249979,0.1795976503,0.2070590493,1.1529051129,6387,,,,,0.,0.
"Jamaica Center-Parsons-Archer (E,J,Z)",Jamaica Ctr - Parsons / Archer,40.7020677092,-73.801096322,0.2662741318,0.2049040001,0.7695227423,32428,4024000,"Queens, Census Tract 240",36453,4737,0.256,0.072
Cypress Hills (J),,40.6896163342,-73.8733219983,0.2841726619,0.1709928058,0.6017215191,1121,3118201,"Brooklyn, Census Tract 1182.01",35952,7960,0.319,0.114
Junius St (3),"Junius St (3,4)",40.6635893349,-73.902448641,0.3655371822,0.2092334162,0.572399817,1350,3091000,"Brooklyn, Census Tract 910",10674,1470,0.681,0.089
Livonia Av (L),,40.6640576042,-73.9005623716,0.3696267561,0.1780116377,0.481598355,2461,3091000,"Brooklyn, Census Tract 910",10674,1470,0.681,0.089
Sutter Av (L),,40.6691453338,-73.9019159996,0.3642661617,0.1535079496,0.4214169905,3441,3090800,"Brooklyn, Census Tract 908",12008,1904,0.545,0.109
"Bronx Park East (2,5)",,40.8487689998,-73.8683560912,0.2780592553,0.2295967776,0.8257116899,2298,2022000,"Bronx, Census Tract 220",13350,6813,0.657,0.128
"East 180 St (2,5)",,40.8418633745,-73.8733460944,0.3096974837,0.2040938649,0.6590104074,5705,2022000,"Bronx, Census Tract 220",13350,6813,0.657,0.128
3 Av-138 St (6),,40.8104763345,-73.9261380002,0.3553926476,0.2185088787,0.6148379269,6284,2002300,"Bronx, Census Tract 23",13902,2195,0.509,0.099
"Fordham Rd (B,D)",,40.8612963318,-73.8977490008,0.3377818329,0.1996941523,0.5911926956,10041,2023702,"Bronx, Census Tract 237.02",14231,8781,0.462,0.142
"West Farms Sq-East Tremont Av (2,5)",West Farms Sq - E Tremont Av,40.8402079654,-73.8799612781,0.358914352,0.1883174836,0.5246864121,6506,2036100,"Bronx, Census Tract 361",16041,1920,0.477,0.105
"174 St (2,5)",,40.8371958833,-73.8876935975,0.3700550092,0.1889319091,0.510550876,5940,2016100,"Bronx, Census Tract 161",16889,7143,0.44,0.082
"125 St (4,5,6)",125 St (4),40.804138334,-73.9375940002,0.283206664,0.2695503908,0.951779831,24443,1019600,"Manhattan, Census Tract 196",16971,4116,0.454,0.11
Whitlock Av (6),,40.8265253338,-73.8862829983,0.3451661266,0.1874304783,0.5430152725,1334,2012102,"Bronx, Census Tract 121.02",17028,5353,0.479,0.161
"Simpson St (2,5)",,40.8239771749,-73.8930663947,0.3629544965,0.1842513087,0.5076429979,7931,2015900,"Bronx, Census Tract 159",17281,17299,0.464,0.131
East 149 St (6),,40.8121183317,-73.904097998,0.3721042896,0.1948824099,0.5237306189,3662,2008300,"Bronx, Census Tract 83",18441,5810,0.424,0.087
Cypress Av (6),,40.8053683344,-73.9140419994,0.380041853,0.1688277051,0.4442345067,3145,2002702,"Bronx, Census Tract 27.02",19237,4059,0.525,0.092
East Broadway (F),,40.7138553341,-73.9901770012,0.1464045851,0.3766640137,2.5727610474,11268,1000600,"Manhattan, Census Tract 6",19643,5152,0.376,0.081
"155 St (B,D)",,40.8301353332,-73.9382089981,0.3502656144,0.2167778895,0.6188957197,3176,1024302,"Manhattan, Census Tract 243.02",19955,4357,0.445,0.097
"Kingsbridge Rd (B,D)",,40.8669783333,-73.893509,0.3346953124,0.2184600806,0.6527132963,6332,2040302,"Bronx, Census Tract 403.02",20492,3727,0.406,0.084
176 St (4),,40.8484803342,-73.9117939981,0.3821857729,0.1953075415,0.5110277654,4523,2021700,"Bronx, Census Tract 217",20747,4118,0.53,0.077
"Central Park North-110 St (2,3)",Central Park North (110th St),40.7990753328,-73.9518220011,0.2743548767,0.3405788872,1.2413808397,7953,1018600,"Manhattan, Census Tract 186",20963,2465,0.458,0.096
Flushing-Main St (7),,40.7596003324,-73.8300300018,0.144436546,0.329479736,2.2811382931,51233,4087100,"Queens, Census Tract 871",21154,6849,0.381,0.115
Burnside Av (4),,40.8534533344,-73.9076840007,0.358666485,0.1992395269,0.555500821,8764,2024300,"Bronx, Census Tract 243",21328,5976,0.441,0.075
207 St (1),,40.8646143337,-73.9188190007,0.3558258382,0.2298217819,0.6458827809,5233,1029900,"Manhattan, Census Tract 299",21373,4162,0.314,0.093
"138 St-Grand Concourse (4,5)",,40.8132243328,-73.9298489995,0.2683993699,0.22666909,0.844521692,2662,2005100,"Bronx, Census Tract 51",21423,2242,0.393,0.071
"149 St-Grand Concourse (2,4,5)","149 St-Grand Concourse (2,5)",40.8183304771,-73.9267224746,0.3162291882,0.2623408333,0.8295908255,10807,2005100,"Bronx, Census Tract 51",21423,2242,0.393,0.071
183 St (4),,40.8584073335,-73.9038790007,0.3596604814,0.1749064446,0.4863098774,4982,2023900,"Bronx, Census Tract 239",21464,7321,0.452,0.081
"3 Av-149 St (2,5)",,40.8160295857,-73.917791527,0.3696030588,0.214680493,0.5808406827,19051,2006500,"Bronx, Census Tract 65",21640,3874,0.476,0.097
Beach 44 St (A),,40.5929433326,-73.7760129989,0.2480125994,0.1755662217,0.7078923495,430,4097202,"Queens, Census Tract 972.02",22366,7894,0.467,0.121
Beach 60 St (A),,40.5923743346,-73.7885219972,0.305168827,0.1738589285,0.5697139194,1814,4097202,"Queens, Census Tract 972.02",22366,7894,0.467,0.121
"Tremont Av (B,D)",,40.8504103332,-73.9052270009,0.3646730403,0.2074003811,0.5687296789,7754,2023502,"Bronx, Census Tract 235.02",23209,3838,0.364,0.082
116 St (6),116 St (4),40.7986293338,-73.9416169983,0.3079748511,0.2949111279,0.9575818507,13648,1018200,"Manhattan, Census Tract 182",23446,4658,0.344,0.083
Hunts Point Av (6),,40.8209483319,-73.8905489998,0.339241982,0.2083375268,0.6141266054,7692,2011900,"Bronx, Census Tract 119",23838,4637,0.379,0.088
Longwood Av (6),,40.8161043336,-73.8964349986,0.349370767,0.1879262262,0.5378991145,2753,2008500,"Bronx, Census Tract 85",23882,9200,0.379,0.083
"Myrtle Av (J,M,Z)",,40.6971953336,-73.9356230004,0.2782152231,0.301950475,1.0853125564,7694,3028700,"Brooklyn, Census Tract 287",24114,9156,0.371,0.12
"182-183 Sts (B,D)",,40.8560933319,-73.9007409993,0.342956611,0.1824037605,0.5318566683,4021,2038301,"Bronx, Census Tract 383.01",24412,6482,0.413,0.113
Morrison Av-Soundview (6),,40.8295213351,-73.8745159988,0.3695530238,0.17709571,0.4792159679,5348,2004800,"Bronx, Census Tract 48",24683,5311,0.408,0.094
Van Siclen Av (C),"Van Siclen Av (A,C)",40.6727103321,-73.8903579998,0.3237078773,0.1827256474,0.5644769875,2382,3115200,"Brooklyn, Census Tract 1152",25058,8866,0.445,0.091
"Crown Heights-Utica Av (3,4)",Crown Hts - Utica Ave,40.6689786444,-73.9329325607,0.2807040579,0.2648686734,0.9435869057,17444,3035100,"Brooklyn, Census Tract 351",25078,10138,0.336,0.094
"Prospect Av (2,5)",,40.8194875978,-73.9017777862,0.3588252275,0.1956101055,0.5451403372,6034,2007900,"Bronx, Census Tract 79",25244,13391,0.393,0.096
"Jackson Av (2,5)",,40.8164377998,-73.9077019385,0.3591902583,0.1846302312,0.5140179249,4379,2007900,"Bronx, Census Tract 79",25244,13391,0.393,0.096
Flushing Av (G),,40.7003769995,-73.9502340005,0.2644749469,0.2506325065,0.9476606742,2219,3050700,"Brooklyn, Census Tract 507",25347,13479,0.625,0.142
Atlantic Av (L),,40.6753449994,-73.9030969992,0.3452037297,0.1844935496,0.534448309,1263,3114400,"Brooklyn, Census Tract 1144",25481,3890,0.424,0.12
Marble Hill-225 St (1),,40.8745613328,-73.9098309989,0.2801500524,0.2581323784,0.9214075678,4738,1030900,"Manhattan, Census Tract 309",25487,6502,0.346,0.067
Brook Av (6),,40.8075663333,-73.9192399982,0.3623638901,0.1781327087,0.4915851539,5178,2003900,"Bronx, Census Tract 39",25513,3979,0.311,0.09
"Hewes St (J,M)",,40.7068903312,-73.9534880004,0.2276966167,0.2950603138,1.2958484763,2027,3052900,"Brooklyn, Census Tract 529",25773,9253,0.559,0.129
"Marcy Av (J,M,Z)",,40.7083833336,-73.957832,0.2374334836,0.2974096304,1.2526018904,11657,3052900,"Brooklyn, Census Tract 529",25773,9253,0.559,0.129
169 St (F),,40.7105178364,-73.7934741978,0.190101335,0.2979011139,1.5670648178,7061,4046000,"Queens, Census Tract 460",25894,3043,0.42,0.093
"Freeman St (2,5)",,40.8299877799,-73.8917522529,0.3404193019,0.1951109326,0.5731488535,3856,2012500,"Bronx, Census Tract 125",26276,6079,0.453,0.104
Ocean Pkwy (Q),,40.5763120006,-73.968501,0.1392921006,0.2749947407,1.9742306959,2453,3036200,"Brooklyn, Census Tract 362",26922,11372,0.433,0.115
"Brighton Beach (B,Q)",,40.5777105298,-73.9613537857,0.1898998546,0.2854827106,1.5033329604,10626,3036200,"Brooklyn, Census Tract 362",26922,11372,0.433,0.115
170 St (4),,40.8400753328,-73.9177909971,0.3767278345,0.1860024325,0.4937315894,7267,2022101,"Bronx, Census Tract 221.01",27058,5116,0.35,0.108
Liberty Av (C),"Liberty Av (A,C)",40.6745423329,-73.8965480008,0.3118705036,0.1925488181,0.6173999012,1883,3119800,"Brooklyn, Census Tract 1198",27150,14693,0.344,0.135
"Van Siclen Av (J,Z)",,40.6780285481,-73.891657726,0.3206173151,0.1750973308,0.5461256225,2303,3119800,"Brooklyn, Census Tract 1198",27150,14693,0.344,0.135
Alabama Av (J),,40.6769983336,-73.898526001,0.3898550243,0.1820343153,0.466928227,1940,3119800,"Brooklyn, Census Tract 1198",27150,14693,0.344,0.135
Fort Hamilton Pkwy (D),,40.6409130446,-73.9942022375,0.1804817046,0.2974616479,1.6481540251,3379,3011200,"Brooklyn, Census Tract 112",27207,7604,0.315,0.084
Knickerbocker Av (M),,40.6986603348,-73.919720001,0.2465502566,0.2745995718,1.1137671304,2501,3043100,"Brooklyn, Census Tract 431",27361,9030,0.421,0.091
145 St (3),,40.820421333,-73.9362449989,0.3064640107,0.2982407797,0.9731673844,2224,1023200,"Manhattan, Census Tract 232",27439,3772,0.332,0.08
"167 St (B,D)",,40.8337693321,-73.9184320008,0.365755627,0.215853488,0.5901576683,8307,2019700,"Bronx, Census Tract 197",27898,5586,0.396,0.094
167 St (4),,40.835537333,-73.9213999976,0.3755186464,0.206335258,0.5494674099,7782,2019700,"Bronx, Census Tract 197",27898,5586,0.396,0.094
East 143 St-St Mary's St (6),,40.8087193341,-73.9076569988,0.3054696032,0.224608664,0.7352897364,709,2003100,"Bronx, Census Tract 31",28047,10820,0.266,0.127
"Chauncey St (J,Z)",,40.6828516345,-73.9103835693,0.3340027858,0.2276084351,0.6814566967,1992,3036900,"Brooklyn, Census Tract 369",28074,9939,0.365,0.086
"219 St (2,5)",,40.8838883075,-73.8625097075,0.3048969282,0.177218284,0.5812399785,2771,2039600,"Bronx, Census Tract 396",28103,6695,0.404,0.122
55 St (D),,40.6314790944,-73.9953488255,0.2006365047,0.2213621987,1.1032997162,1642,3024000,"Brooklyn, Census Tract 240",28235,6654,0.332,0.095
"Intervale Av (2,5)",,40.8221424644,-73.8966173836,0.3696757594,0.1935932298,0.5236838632,2645,2008700,"Bronx, Census Tract 87",28725,2207,0.311,0.084
Montrose Av (L),,40.7073913973,-73.9397928465,0.2296940661,0.3742920076,1.629524062,6356,3049300,"Brooklyn, Census Tract 493",29190,7714,0.261,0.067
Elder Av (6),,40.8285843346,-73.8791589978,0.3727714351,0.1629930786,0.4372466966,5253,2005400,"Bronx, Census Tract 54",29583,5817,0.342,0.082
Sutter Av-Rutland Rd (3),Sutter Ave - Rutland Road,40.6647671222,-73.9225211851,0.3110699323,0.2152419701,0.6919407752,4805,3090000,"Brooklyn, Census Tract 900",29610,3271,0.298,0.074
50 St (D),,40.6362612244,-73.9946587801,0.164128372,0.2553868697,1.556019027,2686,3022000,"Brooklyn, Census Tract 220",30236,2923,0.433,0.111
"Sheepshead Bay (B,Q)",,40.5865478801,-73.9540579118,0.1339555533,0.3165069425,2.3627758216,11219,3060600,"Brooklyn, Census Tract 606",30286,6581,0.232,0.06
Broadway (G),,40.7061269098,-73.950312256,0.2549059449,0.3341282657,1.3107904009,3016,3051100,"Brooklyn, Census Tract 511",30637,12522,0.292,0.069
137 St-City College (1),,40.8220083326,-73.9536760003,0.2788238876,0.3440709734,1.234008235,11548,1022301,"Manhattan, Census Tract 223.01",31122,8932,0.303,0.097
"Coney Island-Stillwell Av (D,F,N,Q)",,40.5772813334,-73.9812359986,0.2331691643,0.2320676882,0.9952760645,13794,3035000,"Brooklyn, Census Tract 350",31701,6049,0.19,0.082
Woodlawn (4),,40.8860373331,-73.8787509989,0.2431694674,0.1803411126,0.7416272879,6429,2043100,"Bronx, Census Tract 431",31841,4710,0.272,0.067
"170 St (B,D)",,40.8393063333,-73.913399998,0.384043768,0.2058300524,0.5359546738,5678,2022500,"Bronx, Census Tract 225",32043,4250,0.291,0.069
"161 St-Yankee Stadium (B,D,4)","161 St-Yankee Stadium (B,D)",40.8279053324,-73.9256509975,0.2780450668,0.2121639999,0.7630561561,24788,2019500,"Bronx, Census Tract 195",32051,8201,0.256,0.066
"174-175 Sts (B,D)",,40.8459003336,-73.910136,0.3424368809,0.2235942504,0.6529502599,4331,2022701,"Bronx, Census Tract 227.01",32079,6053,0.333,0.082
163 St-Amsterdam Av (C),"163 St-Amsterdam Av (A,C)",40.8360133326,-73.9398920016,0.3141013354,0.2907345035,0.9256073462,3534,1024301,"Manhattan, Census Tract 243.01",32394,7371,0.383,0.109
Baychester Av (5),,40.8786633337,-73.8385909978,0.2599750141,0.1963494047,0.7552625985,2918,2046202,"Bronx, Census Tract 462.02",32461,9921,0.186,0.058
Shepherd Av (C),"Shepherd Av (A,C)",40.6741303349,-73.8807499971,0.3059897688,0.1936929353,0.6330046134,2491,3116600,"Brooklyn, Census Tract 1166",32461,9521,0.405,0.104
Wilson Av (L),,40.6888668753,-73.9039586049,0.3347359544,0.2615604084,0.7813932294,3595,3040900,"Brooklyn, Census Tract 409",32473,6472,0.346,0.1
"Bedford Park Blvd (B,D)",,40.8732443317,-73.8871379987,0.2681627775,0.2645713405,0.9866072501,5021,2041300,"Bronx, Census Tract 413",33033,6382,0.313,0.079
145 St (1),,40.8265513328,-73.9503599981,0.3126309456,0.3290026897,1.0523676377,9115,1022900,"Manhattan, Census Tract 229",33060,5612,0.307,0.076
"Gun Hill Rd (2,5)",,40.8778397187,-73.8661341042,0.3398288378,0.1894977949,0.5576271753,5661,2038000,"Bronx, Census Tract 380",33077,5726,0.332,0.103
"Euclid Av (A,C)","Euclid Av (A,C,S)",40.6753773319,-73.8721059999,0.3003683197,0.2084925846,0.6941230846,7900,3119600,"Brooklyn, Census Tract 1196",33315,9960,0.319,0.081
Norwood-205 St (D),,40.8748113337,-73.8788549985,0.2803276307,0.2487406928,0.8873213539,6884,2042300,"Bronx, Census Tract 423",33700,11053,0.329,0.093
Inwood-207 St (A),,40.8680723333,-73.9198990008,0.2162458482,0.3554545161,1.6437518642,8003,1029300,"Manhattan, Census Tract 293",33707,2410,0.287,0.069
"Lorimer St (J,M)",,40.7038443338,-73.9473549981,0.1748860661,0.4131581499,2.3624417835,3327,3049100,"Brooklyn, Census Tract 491",33727,2972,0.227,0.067
Grant Av (A),"Grant Av (A,S)",40.6770443339,-73.8650499981,0.2490670572,0.2293319748,0.9207639797,5065,3120200,"Brooklyn, Census Tract 1202",34135,24761,0.347,0.158
"Winthrop St (2,5)",,40.6566596475,-73.9500793454,0.2190730663,0.3220765776,1.4701787994,4612,3080400,"Brooklyn, Census Tract 804",34598,5804,0.259,0.106
"168 St (A,C,1)","168 St (A,C)",40.8407193335,-73.9395609999,0.2104519952,0.3336990813,1.5856303999,20491,1025100,"Manhattan, Census Tract 251",34773,9232,0.263,0.098
"Pelham Pkwy (2,5)",,40.8571927425,-73.8674806776,0.3005854704,0.2359528325,0.7849775047,7824,2022403,"Bronx, Census Tract 224.03",34818,8262,0.274,0.079
Neptune Av (F),,40.5807390915,-73.974592728,0.1221644492,0.2726971504,2.2322136447,1266,3034800,"Brooklyn, Census Tract 348",34844,12802,0.358,0.124
Ditmas Av (F),,40.6361189998,-73.9781719999,0.180324729,0.2976711792,1.6507507365,3705,3048600,"Brooklyn, Census Tract 486",34875,13128,0.338,0.1
Westchester Sq-East Tremont Av (6),Westchester Sq - E Tremont Ave,40.8398923344,-73.8429519984,0.2524882104,0.2340429638,0.9269461074,5014,2020000,"Bronx, Census Tract 200",34955,9504,0.274,0.069
Pennsylvania Av (3),"Pennsylvania Av (3,4)",40.6647147844,-73.8948859112,0.3187003696,0.1996871482,0.6265670431,3238,3112600,"Brooklyn, Census Tract 1126",34958,15444,0.333,0.102
9 Av (D),,40.6464844108,-73.9944487441,0.1811313245,0.3660307352,2.0208030621,5025,3011000,"Brooklyn, Census Tract 110",35000,11640,0.312,0.102
Rockaway Av (3),"Rockaway Av (3,4)",40.662617821,-73.9089583356,0.3078366964,0.1942545855,0.6310312831,3162,3092400,"Brooklyn, Census Tract 924",35089,10350,0.293,0.101
110 St (6),110 St (4),40.7950203335,-73.944249997,0.2744527675,0.3157471133,1.1504606646,10180,1017200,"Manhattan, Census Tract 172",35197,7758,0.194,0.062
"Beverly Rd (2,5)",,40.6451238527,-73.9488479834,0.2699624866,0.2419126961,0.896097451,2649,3082600,"Brooklyn, Census Tract 826",35571,7867,0.212,0.078
103 St (6),103 St (4),40.790600333,-73.9474780015,0.2644812828,0.2977603846,1.1258278145,13205,1016600,"Manhattan, Census Tract 166",35706,5869,0.297,0.066
53 St (R),"53 St (N,R)",40.6450690005,-74.0140340005,0.2207671311,0.269574044,1.2210787116,6133,3007600,"Brooklyn, Census Tract 76",35781,10662,0.327,0.098
"59 St (N,R)",,40.6413619994,-74.0178809997,0.2131867863,0.3154641317,1.4797546188,10557,3007400,"Brooklyn, Census Tract 74",35965,8813,0.304,0.09
8 Av (N),,40.6349713328,-74.0115159974,0.0633920899,0.4731636828,7.4640808269,10023,3011800,"Brooklyn, Census Tract 118",36146,11825,0.306,0.125
Mosholu Pkwy (4),,40.879750333,-73.8846549999,0.2822599691,0.2346988827,0.8314990023,7103,2041900,"Bronx, Census Tract 419",36344,13777,0.278,0.083
"Gates Av (J,Z)",,40.6895843326,-73.9221560006,0.2952533333,0.2623390476,0.8885218828,4234,3039700,"Brooklyn, Census Tract 397",36389,14547,0.326,0.114
Halsey St (J),,40.6864156044,-73.916638884,0.3123109787,0.2696716102,0.863471439,4213,3039700,"Brooklyn, Census Tract 397",36389,14547,0.326,0.114
"Flatbush Av-Brooklyn College (2,5)",Brooklyn College - Flatbush Ave,40.6328427405,-73.9475412072,0.2241676471,0.2754279948,1.2286696959,13682,3078600,"Brooklyn, Census Tract 786",36759,10073,0.162,0.066
Fordham Rd (4),,40.8628033332,-73.9010339983,0.3550394514,0.1876471489,0.5285247827,9906,2040100,"Bronx, Census Tract 401",36786,7220,0.326,0.118
"Church Av (B,Q)",,40.6504935799,-73.9628824614,0.2718451536,0.3061900426,1.1263398981,15233,3050600,"Brooklyn, Census Tract 506",36848,8910,0.262,0.077
St Lawrence Av (6),,40.8315093341,-73.8676179983,0.3417148002,0.1666714561,0.4877501823,3368,2007000,"Bronx, Census Tract 70",36852,7701,0.35,0.088
"36 St (D,N,R)",,40.6551439998,-74.0035489996,0.2201499121,0.3204462074,1.4555818094,10604,3008400,"Brooklyn, Census Tract 84",36908,16766,0.327,0.12
Avenue U (Q),"Avenue U (B,Q)",40.5993092846,-73.9558112232,0.1358456162,0.375733734,2.7658878108,5732,3058000,"Brooklyn, Census Tract 580",36944,11444,0.177,0.086
Kingsbridge Rd (4),,40.8677603337,-73.897174001,0.3263767856,0.2187423648,0.6702142262,7922,2040304,"Bronx, Census Tract 403.04",37000,12382,0.305,0.121
"Crescent St (J,Z)",,40.6831529905,-73.8739292519,0.2967528438,0.1979069286,0.6669082799,3899,3117800,"Brooklyn, Census Tract 1178",37083,23889,0.36,0.161
20 Av (D),,40.6046773311,-73.998174321,0.1302616256,0.3774706933,2.8977889041,4155,3028800,"Brooklyn, Census Tract 288",37222,9134,0.255,0.101
Sutphin Blvd (F),,40.7054183325,-73.8108329983,0.2208331934,0.293095342,1.3272250312,3842,4023800,"Queens, Census Tract 238",37313,5561,0.283,0.073
"Nereid Av (2,5)","Nereid Av (238 St) (2,5)",40.8982868491,-73.85431531,0.2729180696,0.1849158249,0.6775506846,2874,2043400,"Bronx, Census Tract 434",37601,8752,0.193,0.069
Wakefield-241 St (2),,40.9031253341,-73.8506199984,0.2998151515,0.1410754964,0.4705415844,4206,2043400,"Bronx, Census Tract 434",37601,8752,0.193,0.069
Harlem-148 St (3),,40.8238803341,-73.9364699999,0.2827710496,0.3277104959,1.1589252024,2237,1023600,"Manhattan, Census Tract 236",37647,2567,0.206,0.069
"Myrtle-Wyckoff Avs (L,M)",Myrtle Ave (L),40.6994713953,-73.9109757178,0.2611778394,0.2947284952,1.1284590449,17411,3043900,"Brooklyn, Census Tract 439",37803,9979,0.245,0.089
"Elmhurst Av (M,R)","Elmhurst Av (E,M,R)",40.742370413,-73.8820347459,0.1657718583,0.4466900694,2.6946073597,11248,4048100,"Queens, Census Tract 481",37871,11327,0.205,0.062
Classon Av (G),,40.6888893337,-73.9599900013,0.2106667585,0.3601322155,1.7094876195,3748,3023300,"Brooklyn, Census Tract 233",37917,8041,0.38,0.091
90 St-Elmhurst Av (7),,40.748408334,-73.8766129989,0.2814901426,0.2633174582,0.935441134,14705,4027700,"Queens, Census Tract 277",37981,3624,0.238,0.084
18 Av (D),,40.6077360652,-74.0015925925,0.1237104045,0.400108916,3.2342382002,5331,3027800,"Brooklyn, Census Tract 278",38079,12542,0.227,0.104
"Kings Hwy (B,Q)",,40.6086389784,-73.9576087354,0.14656536,0.3028852807,2.0665543393,15153,3055200,"Brooklyn, Census Tract 552",38905,5091,0.175,0.059
Central Av (M),,40.6978733334,-73.9272429983,0.2392473525,0.3224354993,1.3477077005,2129,3042300,"Brooklyn, Census Tract 423",39038,8655,0.271,0.091
"135 St (2,3)",,40.8142293335,-73.9407700003,0.2872696775,0.3212436534,1.1182650957,12847,1022800,"Manhattan, Census Tract 228",39167,11966,0.223,0.058
40 St-Lowery St (7),40th St,40.7437813347,-73.9240159981,0.1918431555,0.3890601575,2.0280116665,9166,4018101,"Queens, Census Tract 181.01",39664,7103,0.185,0.071
"145 St (A,B,C,D)",,40.8247666941,-73.9440879284,0.2870838816,0.3562511196,1.2409304124,20888,1023100,"Manhattan, Census Tract 231",39892,8769,0.235,0.073
155 St (C),"155 St (A,C)",40.830518333,-73.9415140003,0.2938706599,0.3250532188,1.1061098066,2197,1023501,"Manhattan, Census Tract 235.01",39913,11733,0.289,0.086
"225 St (2,5)",,40.8880285916,-73.8602146169,0.3169901582,0.1688143477,0.5325539085,3412,2040600,"Bronx, Census Tract 406",40039,16937,0.203,0.087
New Lots Av (L),,40.6589151069,-73.8992779601,0.3610511276,0.1841583998,0.5100618326,3974,3092000,"Brooklyn, Census Tract 920",40474,7444,0.326,0.089
Forest Av (M),,40.704412334,-73.9030749999,0.1629352518,0.3268604317,2.0060755919,2802,4058900,"Queens, Census Tract 589",40652,7956,0.231,0.058
18 Av (F),,40.6297550001,-73.9769709999,0.197459981,0.273935361,1.3872955908,3287,3048000,"Brooklyn, Census Tract 480",40741,21124,0.408,0.1
Van Siclen Av (3),"Van Siclen Av (3,4)",40.6655182967,-73.8894049163,0.3043235979,0.2088045367,0.6861266696,1968,3112400,"Brooklyn, Census Tract 1124",41116,24120,0.34,0.168
New Lots Av (3),"New Lots Av (3,4)",40.6663152656,-73.8841107079,0.3221501968,0.2048115585,0.6357641887,3827,3112400,"Brooklyn, Census Tract 1124",41116,24120,0.34,0.168
Parsons Blvd (F),,40.7075723333,-73.8032889988,0.2207507646,0.2867864395,1.299141319,5020,4023600,"Queens, Census Tract 236",41250,13544,0.181,0.061
Avenue U (N),,40.5972363336,-73.9790840009,0.1212421143,0.4717414994,3.890904593,3227,3040000,"Brooklyn, Census Tract 400",41290,5584,0.171,0.076
Rockaway Av (C),"Rockaway Av (A,C)",40.6783403332,-73.9119459973,0.317002572,0.2376919705,0.749810858,3901,3030100,"Brooklyn, Census Tract 301",41346,6990,0.248,0.104
Ralph Av (C),"Ralph Av (A,C)",40.6788223345,-73.9207859992,0.3268695416,0.2184908515,0.6684344171,4392,3030100,"Brooklyn, Census Tract 301",41346,6990,0.248,0.104
Bay Pkwy (N),,40.611456123,-73.9817800102,0.1269615282,0.4596951255,3.6207434805,6186,3043200,"Brooklyn, Census Tract 432",41500,9755,0.163,0.067
Bay Pkwy (F),,40.6207319562,-73.9752569776,0.2004880249,0.3290984803,1.6414869689,1216,3045000,"Brooklyn, Census Tract 450",41553,49580,0.121,0.085
"135 St (B,C)","135 St (A,B,C)",40.8179058921,-73.9475348083,0.2628273027,0.3467945632,1.3194769327,4355,1022102,"Manhattan, Census Tract 221.02",41563,13643,0.171,0.104
Zerega Av (6),,40.8364883337,-73.847035998,0.2399948277,0.2156979375,0.8987607757,2495,2009600,"Bronx, Census Tract 96",41786,9528,0.215,0.096
Avenue P (F),,40.6088431426,-73.9730028153,0.1491742443,0.3194385428,2.1413786562,2277,3043800,"Brooklyn, Census Tract 438",41797,13584,0.201,0.087
Bay Pkwy (D),,40.6019507952,-73.9936761997,0.1298000368,0.3967417295,3.056560994,6138,3029600,"Brooklyn, Census Tract 296",41835,7138,0.173,0.061
157 St (1),,40.8340413335,-73.9448899987,0.3077990768,0.3174659923,1.0314065773,9203,1024100,"Manhattan, Census Tract 241",42038,7097,0.222,0.071
"Prospect Park (B,Q,S)",,40.6616337882,-73.9620313045,0.2396225471,0.3610232086,1.5066328815,9032,3032700,"Brooklyn, Census Tract 327",42134,9871,0.232,0.086
Parkchester (6),,40.8332263322,-73.860816,0.2634188893,0.2835958167,1.0765963574,13609,2007200,"Bronx, Census Tract 72",42193,9136,0.357,0.073
Seneca Av (M),,40.7029193326,-73.9075819984,0.215598266,0.3043695093,1.4117437721,1682,4054900,"Queens, Census Tract 549",42199,5508,0.241,0.07
Nostrand Av (3),"Nostrand Av (3,4)",40.669938484,-73.9504262489,0.2751048861,0.3039695346,1.1049223404,2499,3031702,"Brooklyn, Census Tract 317.02",42483,7466,0.259,0.085
"President St (2,5)",,40.6678839366,-73.9505892006,0.2335977602,0.3551496567,1.5203470119,2420,3031900,"Brooklyn, Census Tract 319",42740,3315,0.243,0.127
33 St-Rawson St (7),33rd St,40.7445873336,-73.9309969987,0.2150363242,0.3343965077,1.5550698653,10124,4017900,"Queens, Census Tract 179",42895,12352,0.068,0.057
Mt Eden Av (4),,40.8444343338,-73.9146849986,0.3458596942,0.2042972144,0.590693908,4492,2022702,"Bronx, Census Tract 227.02",42955,17220,0.188,0.074
"Burke Av (2,5)",,40.8712591356,-73.8670536168,0.3111703021,0.1935357515,0.621960869,2882,2033800,"Bronx, Census Tract 338",43059,8829,0.252,0.075
"Allerton Av (2,5)",,40.8654837116,-73.8672342278,0.3157079724,0.1893229627,0.5996774844,4562,2033800,"Bronx, Census Tract 338",43059,8829,0.252,0.075
New Utrecht Av (N)/62 St (D),New Utrecht Av (N),40.6248420002,-73.9963530005,0.1513675814,0.39479856,2.6082107962,4319,3025000,"Brooklyn, Census Tract 250",43239,8817,0.211,0.096
25 St (R),"25 St (D,N,R)",40.6603970003,-73.9980909998,0.2392691194,0.3061585923,1.2795574835,3388,3010100,"Brooklyn, Census Tract 101",43278,3112,0.231,0.079
"Cathedral Pkwy-110 St (B,C)",Cathedral Pkwy (110th St),40.8005818916,-73.9580667066,0.2232834267,0.3713564896,1.6631619063,6444,1021600,"Manhattan, Census Tract 216",43454,5813,0.205,0.051
"Sterling St (2,5)",,40.662773327,-73.9507289115,0.2545948837,0.2914163473,1.1446276652,3619,3032900,"Brooklyn, Census Tract 329",43457,15671,0.19,0.085
Myrtle-Willoughby Avs (G),,40.6946193326,-73.9490669983,0.2735209763,0.3147635249,1.15078386,4589,3025300,"Brooklyn, Census Tract 253",43672,15805,0.239,0.083
79 St (D),,40.6131592593,-74.0005828739,0.114109109,0.4524206354,3.9648073617,4916,3026400,"Brooklyn, Census Tract 264",44010,3956,0.262,0.076
"Broadway Junction (A,C,J,L,Z)","Broadway Junction (A,C)",40.6783339998,-73.9053160003,0.3281949789,0.1982343712,0.6040140281,8492,3036700,"Brooklyn, Census Tract 367",44327,11282,0.151,0.088
Parkside Av (Q),"Parkside Av (B,Q)",40.6550733747,-73.96145344,0.2458242724,0.3438054257,1.3985820942,4183,3079802,"Brooklyn, Census Tract 798.02",44360,8809,0.23,0.094
"36 Av (N,Q)",,40.7564423334,-73.9298619983,0.1915951741,0.414001945,2.1608161424,6700,4005100,"Queens, Census Tract 51",44464,4277,0.317,0.093
Avenue I (F),,40.6250177735,-73.9760693319,0.1872597892,0.2738878953,1.4626092258,1695,3046202,"Brooklyn, Census Tract 462.02",44663,10095,0.273,0.18
Jamaica-179 St (F),,40.7126459999,-73.7838170004,0.1629465307,0.2572888125,1.5789769282,17624,4046800,"Queens, Census Tract 468",44777,11783,0.095,0.041
Halsey St (L),,40.6955183345,-73.9039340005,0.2521908423,0.3007743346,1.1926457434,6578,4055500,"Queens, Census Tract 555",44821,4582,0.219,0.104
Kings Hwy (N),,40.6040593334,-73.9803730021,0.1189912046,0.4510236867,3.7903951659,4397,3042600,"Brooklyn, Census Tract 426",45000,8822,0.225,0.096
Avenue M (Q),"Avenue M (B,Q)",40.6173980782,-73.9592431048,0.1614452713,0.3096239778,1.9178262411,3949,3076800,"Brooklyn, Census Tract 768",45242,11210,0.167,0.082
Dyckman St (A),,40.8654913325,-73.9272709991,0.2310901032,0.3349848365,1.4495853862,5808,1028700,"Manhattan, Census Tract 287",45250,4480,0.237,0.081
238 St (1),,40.8846673343,-73.9008699994,0.1944116802,0.2819930815,1.4504945444,3254,2028300,"Bronx, Census Tract 283",45485,6949,0.092,0.051
231 St (1),,40.8788563319,-73.9048340004,0.2347236949,0.2741761774,1.1680805277,7728,2028300,"Bronx, Census Tract 283",45485,6949,0.092,0.051
"Grand St (B,D)",,40.7182673329,-73.9937529993,0.1021245176,0.4621774886,4.5256271409,21582,1001800,"Manhattan, Census Tract 18",45500,11805,0.266,0.06
"Bowery (J,Z)",,40.7202472167,-73.9938069067,0.214719954,0.385493483,1.7953314344,2690,1001800,"Manhattan, Census Tract 18",45500,11805,0.266,0.06
"Delancey St (F)/Essex St (J,M,Z)",Delancey St (F),40.7186810757,-73.9880780684,0.2091210491,0.3317088622,1.5862050407,20063,1001800,"Manhattan, Census Tract 18",45500,11805,0.266,0.06
Dyckman St (1),,40.8605313346,-73.9255359998,0.3131063728,0.2536682146,0.8101662458,5918,1028300,"Manhattan, Census Tract 283",45505,7320,0.19,0.053
"Church Av (2,5)",,40.6508610207,-73.9494551403,0.2676337787,0.2497147256,0.9330463696,5908,3081800,"Brooklyn, Census Tract 818",45717,8036,0.31,0.085
Bay 50 St (D),,40.5888409999,-73.9837650003,0.1463891103,0.3854532952,2.6330735559,2064,3030800,"Brooklyn, Census Tract 308",45909,12191,0.119,0.055
Avenue X (F),,40.5894499998,-73.9742659993,0.156683467,0.3035280755,1.9372055094,2272,3030800,"Brooklyn, Census Tract 308",45909,12191,0.119,0.055
"Steinway St (M,R)","Steinway St (E,M,R)",40.7569876927,-73.920526471,0.1947929712,0.3896199308,2.0001744847,12338,4015700,"Queens, Census Tract 157",46000,3359,0.214,0.101
Avenue U (F),,40.5959251592,-73.973376419,0.1702154834,0.2739613553,1.6094972668,1768,3039800,"Brooklyn, Census Tract 398",46125,15943,0.093,0.044
Middletown Rd (6),,40.8438633347,-73.8363219973,0.1768301011,0.2122370937,1.2002317048,945,2026602,"Bronx, Census Tract 266.02",46174,10925,0.166,0.065
Beach 36 St (A),,40.5953983346,-73.7681749979,0.2608046206,0.1610237004,0.6174112254,648,4099200,"Queens, Census Tract 992",46250,9517,0.273,0.071
Jefferson St (L),,40.7066069994,-73.9229129995,0.2414725407,0.346018105,1.4329501151,6681,3044700,"Brooklyn, Census Tract 447",46571,8223,0.195,0.077
18 Av (N),,40.6206873312,-73.9904539986,0.1293872797,0.4482140765,3.4641278303,4681,3024800,"Brooklyn, Census Tract 248",46591,13457,0.204,0.086
Junction Blvd (7),,40.7491453327,-73.8695269998,0.3043869983,0.1919690781,0.6306743691,18511,4046500,"Queens, Census Tract 465",46719,17768,0.196,0.074
111 St (7),,40.751730333,-73.8553339973,0.3118022591,0.1884255072,0.6043109108,9772,4040100,"Queens, Census Tract 401",46728,6008,0.2,0.072
111 St (J),,40.6971151444,-73.8367933832,0.2514868884,0.2157170857,0.8577667292,1909,4012400,"Queens, Census Tract 124",46976,18872,0.224,0.086
"Franklin Av (C,S)","Franklin Av (A,C)",40.6813799998,-73.9568479998,0.2752122593,0.3236576635,1.1760292377,5452,3022700,"Brooklyn, Census Tract 227",47083,8980,0.189,0.067
"Beach 105 St (A,S)",,40.583268771,-73.8275807493,0.1114563911,0.2533664802,2.2732342013,156,4093800,"Queens, Census Tract 938",47161,17620,0.113,0.073
"Rockaway Park-Beach 116 St (A,S)",,40.5809561992,-73.835590086,0.1965913347,0.1983393682,1.0088917118,517,4093800,"Queens, Census Tract 938",47161,17620,0.113,0.073
191 St (1),,40.855225335,-73.9294119976,0.2899399933,0.2932639663,1.0114643481,6628,1027900,"Manhattan, Census Tract 279",47184,13581,0.202,0.063
"65 St (M,R)","65 St (E,M,R)",40.7497198627,-73.8987883777,0.1878205757,0.3897546473,2.0751435025,2962,4026100,"Queens, Census Tract 261",47301,4620,0.241,0.081
Woodside-61 St (7),,40.745630334,-73.9029840009,0.1930388015,0.3477829029,1.8016217475,14323,4026100,"Queens, Census Tract 261",47301,4620,0.241,0.081
East 105 St (L),,40.6504691184,-73.8995476931,0.2837620144,0.2003070503,0.7058980418,2984,3109800,"Brooklyn, Census Tract 1098",47386,21799,0.186,0.077
"Queensboro Plaza (N,Q,7)",Queensboro Plz,40.7506359844,-73.9401635344,0.2458274272,0.3289596343,1.3381730348,10104,4003300,"Queens, Census Tract 33",47500,12994,0.339,0.083
21 St-Queensbridge (F),,40.753739604,-73.9419376138,0.2764689795,0.2784858962,1.0072952731,6605,4003300,"Queens, Census Tract 33",47500,12994,0.339,0.083
"Utica Av (A,C)",,40.679364333,-73.9307289985,0.3095646168,0.2670089402,0.8625305533,12704,3029700,"Brooklyn, Census Tract 297",47594,12181,0.366,0.078
181 St (1),,40.8495053333,-73.9335959998,0.3268856865,0.2287302693,0.6997255577,9673,1027100,"Manhattan, Census Tract 271",47618,8111,0.257,0.069
Fort Hamilton Pkwy (N),,40.6313860001,-74.0053510007,0.0945670458,0.4323025165,4.5713864998,5791,3021400,"Brooklyn, Census Tract 214",47679,16425,0.336,0.097
Kingston-Throop Avs (C),"Kingston-Throop Avs (A,C)",40.6799193329,-73.9408589984,0.281872331,0.2977445791,1.0563100608,4668,3026900,"Brooklyn, Census Tract 269",47721,14869,0.079,0.049
"West 8 St-New York Aquarium (F,Q)",W 8th St - NY Aquarium,40.5760341512,-73.975957874,0.1467712869,0.2559526658,1.7438878626,2023,3035400,"Brooklyn, Census Tract 354",47781,12874,0.094,0.031
Kingston Av (3),"Kingston Av (3,4)",40.6694817816,-73.9421597833,0.2237023283,0.257813152,1.1524830964,3092,3033700,"Brooklyn, Census Tract 337",47888,12524,0.145,0.056
45 St (R),"45 St (N,R)",40.6489389999,-74.0100060004,0.2391510101,0.2541258254,1.0626165672,5930,3008000,"Brooklyn, Census Tract 80",47945,6483,0.245,0.089
Saratoga Av (3),"Saratoga Av (3,4)",40.6615301232,-73.9163302497,0.2949957909,0.2215508372,0.7510305029,3449,3089400,"Brooklyn, Census Tract 894",48304,17156,0.241,0.098
Pelham Bay Park (6),,40.8524623331,-73.828121,0.2220324706,0.2423410221,1.0914665834,5591,2030000,"Bronx, Census Tract 300",48485,10187,0.141,0.051
80 St (A),"80 St (A,S)",40.6793713346,-73.8589920012,0.1948041776,0.2608093995,1.338828575,3706,4004401,"Queens, Census Tract 44.01",48689,9944,0.236,0.087
"Norwood Av (J,Z)",,40.6815203339,-73.8796259983,0.3101257708,0.1674534625,0.539953394,2767,3117400,"Brooklyn, Census Tract 1174",48851,7898,0.262,0.105
"Nostrand Av (A,C)",,40.6804383331,-73.9504260005,0.2833018163,0.309957128,1.0940880367,14432,3024500,"Brooklyn, Census Tract 245",48974,6644,0.233,0.085
Bedford-Nostrand Avs (G),,40.6896273349,-73.9535219999,0.2489366139,0.3563761937,1.431594124,6651,3024100,"Brooklyn, Census Tract 241",49091,24757,0.285,0.096
Cleveland St (J),,40.6797783323,-73.8851940012,0.3176680268,0.1708057783,0.5376864018,2751,3117201,"Brooklyn, Census Tract 1172.01",49250,5269,0.15,0.072
69 St (7),,40.7463253328,-73.8964029984,0.2498972375,0.3217034486,1.2873429567,4552,4026300,"Queens, Census Tract 263",49263,13617,0.093,0.05
Morgan Av (L),,40.7061520001,-73.933147,0.2365196568,0.3645712765,1.5413994821,7274,3045300,"Brooklyn, Census Tract 453",49405,9336,0.384,0.119
25 Av (D),,40.5977040002,-73.9868290002,0.1046728143,0.4499822664,4.2989411282,3638,3030000,"Brooklyn, Census Tract 300",49457,17418,0.117,0.069
"74-Broadway (7)/Jackson Hts-Roosevelt Av (E,F,M,R)",Jackson Hts - Roosevelt Av,40.7465400245,-73.891298665,0.2073416102,0.3717302663,1.7928396811,45885,4026700,"Queens, Census Tract 267",49563,9031,0.164,0.047
Bedford Park Blvd-Lehman College (4),,40.8734123327,-73.8900640006,0.2837266496,0.2427757072,0.8556676207,4250,2040900,"Bronx, Census Tract 409",49614,16999,0.09,0.059
Van Cortlandt Park-242 St (1),,40.8892483335,-73.8985829998,0.2011993615,0.2268333258,1.1274057935,5740,2028500,"Bronx, Census Tract 285",49879,7499,0.205,0.087
Avenue H (Q),"Avenue H (B,Q)",40.6292087105,-73.9615179387,0.1906502475,0.3477832778,1.82419526,2392,3053200,"Brooklyn, Census Tract 532",50000,15723,0.15,0.072
Avenue J (Q),"Avenue J (B,Q)",40.6250231529,-73.9606931625,0.2024765952,0.3058495452,1.5105427119,4858,3053200,"Brooklyn, Census Tract 532",50000,15723,0.15,0.072
"39 Av (N,Q)",,40.7527633946,-73.9328513761,0.3396120355,0.2419463636,0.7124198742,3156,4003100,"Queens, Census Tract 31",50000,23144,0.192,0.099
Park Pl (S),,40.6747719999,-73.9576240003,0.2584315146,0.33472527,1.2952184664,1514,3030500,"Brooklyn, Census Tract 305",50100,7332,0.191,0.074
20 Av (N),,40.617109333,-73.9845219984,0.106299711,0.4785122049,4.5015381547,3058,3025400,"Brooklyn, Census Tract 254",50156,7288,0.215,0.101
Bushwick Av-Aberdeen St (L),Bushwick - Aberdeen,40.6828609585,-73.9052617623,0.3327610117,0.280261507,0.8422306014,1465,3040500,"Brooklyn, Census Tract 405",50250,17576,0.205,0.081
"Franklin Av (2,3,4,5)/Botanic Garden (S)","Franklin Av (2,3,4,5)",40.6707654865,-73.9580997366,0.2481431894,0.3073468519,1.2385866912,21829,3021700,"Brooklyn, Census Tract 217",50469,14584,0.163,0.058
"Newkirk Av (2,5)",,40.639991576,-73.9482999075,0.2678706643,0.2490867064,0.9298767637,4857,3083000,"Brooklyn, Census Tract 830",50586,4441,0.1,0.036
"Beach 90 St (A,S)",,40.5880918977,-73.8136514029,0.205534604,0.2251554378,1.0954624351,633,4094202,"Queens, Census Tract 942.02",50602,15500,0.31,0.087
103 St-Corona Plaza (7),,40.7498653343,-73.8626999971,0.3343417293,0.1696821101,0.5075110141,17104,4040500,"Queens, Census Tract 405",50667,9369,0.258,0.08
Bay Ridge Av (R),,40.6349670003,-74.0233769992,0.1662364984,0.350627721,2.1092102178,6624,3013000,"Brooklyn, Census Tract 130",51075,6556,0.224,0.082
"116 St (B,C)","116 St (A,B,C)",40.8050584671,-73.9547977809,0.2537757959,0.3767779504,1.4846882819,5795,1021800,"Manhattan, Census Tract 218",51217,11113,0.332,0.093
"233 St (2,5)",,40.8931435751,-73.8573623943,0.3030448648,0.1954989588,0.6451155638,4431,2042200,"Bronx, Census Tract 422",51312,5255,0.136,0.092
"Astoria-Ditmars Blvd (N,Q)",,40.7750359997,-73.9120340002,0.144457542,0.4220620706,2.9217032545,14668,4011500,"Queens, Census Tract 115",51518,9354,0.214,0.092
Buhre Av (6),,40.8468103326,-73.8325689992,0.1783525065,0.2202221009,1.2347575328,3073,2026601,"Bronx, Census Tract 266.01",51938,8560,0.162,0.089
Kosciuszko St (J),,40.6931723342,-73.9285089986,0.2954115615,0.272397418,0.9220946419,3138,3039300,"Brooklyn, Census Tract 393",52143,11103,0.186,0.084
"46 St (M,R)","46 St (E,M,R)",40.756317286,-73.9135217501,0.1768840727,0.3844330823,2.1733617755,7609,4016100,"Queens, Census Tract 161",52238,4236,0.172,0.071
82 St-Jackson Hts (7),,40.7476593332,-73.8836969999,0.2699572119,0.2743244101,1.0161773718,14234,4028300,"Queens, Census Tract 283",52803,4579,0.203,0.071
Cortelyou Rd (Q),"Cortelyou Rd (B,Q)",40.6409404987,-73.9637900549,0.198210644,0.363572572,1.8342737033,4413,3052000,"Brooklyn, Census Tract 520",52861,14423,0.181,0.081
"Newkirk Plaza (B,Q)",Newkirk Ave,40.6351422704,-73.9626948685,0.2205956162,0.3306003544,1.4986714609,9191,3052000,"Brooklyn, Census Tract 520",52861,14423,0.181,0.081
"Grand Av-Newtown (M,R)","Grand Av-Newtown (E,M,R)",40.7368137512,-73.8772208559,0.1764879499,0.4012891044,2.273747894,14864,4047300,"Queens, Census Tract 473",53038,4411,0.182,0.071
Fresh Pond Rd (M),,40.706226332,-73.8958980009,0.1558921716,0.305024203,1.9566357943,3865,4061301,"Queens, Census Tract 613.01",53125,20819,0.182,0.073
Middle Village-Metropolitan Av (M),,40.7114316383,-73.8895772298,0.1726616251,0.2379371126,1.3780544024,2837,4061301,"Queens, Census Tract 613.01",53125,20819,0.182,0.073
Castle Hill Av (6),,40.8342553318,-73.8512219992,0.2813174818,0.2402648252,0.8540700125,4078,2020601,"Bronx, Census Tract 206.01",53125,23151,0.2,0.091
Neck Rd (Q),"Neck Rd (B,Q)",40.5953220246,-73.9550782745,0.0965202693,0.3877314236,4.0170984438,3225,3058600,"Brooklyn, Census Tract 586",53148,15494,0.143,0.066
Beach 25 St (A),,40.6000663342,-73.7613529967,0.2145594919,0.1654437935,0.7710858748,1178,4099801,"Queens, Census Tract 998.01",53152,4055,0.126,0.065
52 St (7),,40.7441493344,-73.9125489981,0.2163191832,0.3784524449,1.7495094023,6003,4025302,"Queens, Census Tract 253.02",53235,7666,0.15,0.069
111 St (A),"111 St (A,S)",40.6843313334,-73.8321629979,0.16553302,0.2356387584,1.4235151295,2087,4009600,"Queens, Census Tract 96",53286,13850,0.129,0.084
DeKalb Av (L),,40.7036933326,-73.9182320015,0.2450759924,0.3296254824,1.3449929517,10457,3044300,"Brooklyn, Census Tract 443",53571,10792,0.267,0.073
"30 Av (N,Q)",,40.7667789997,-73.9214790001,0.1669062202,0.4295676159,2.5737064526,13309,4006300,"Queens, Census Tract 63",53610,8964,0.179,0.059
46 St-Bliss St (7),46th St,40.7431323341,-73.9184350006,0.2265900731,0.3689272541,1.6281704183,12567,4025301,"Queens, Census Tract 253.01",53952,8885,0.083,0.032
"121 St (J,Z)",,40.7004823317,-73.8283489992,0.2775532334,0.2039465037,0.7348013972,1963,4014400,"Queens, Census Tract 144",54063,14761,0.172,0.089
215 St (1),,40.8694443329,-73.9152789993,0.240174944,0.3141945112,1.3081902132,1556,1030300,"Manhattan, Census Tract 303",54167,7276,0.347,0.117
Avenue N (F),,40.6143570453,-73.9740485091,0.1710782221,0.2994995493,1.7506585328,2720,3044600,"Brooklyn, Census Tract 446",54205,20494,0.188,0.065
"63 Dr-Rego Park (M,R)","63 Dr-Rego Park (E,M,R)",40.7297643055,-73.8616182003,0.1432699771,0.361035907,2.5199690424,13964,4069300,"Queens, Census Tract 693",54450,10530,0.067,0.04
104 St (A),"104 St (A,S)",40.6817113342,-73.8376829999,0.1720383157,0.2292388724,1.3324873094,1182,4009400,"Queens, Census Tract 94",54522,13226,0.199,0.07
Kings Hwy (F),,40.6032587388,-73.9723553083,0.1717146433,0.3007346139,1.7513626568,2964,3041401,"Brooklyn, Census Tract 414.01",54868,10406,0.094,0.071
125 St (1),,40.8155813329,-73.9583720009,0.2300312708,0.3277253454,1.424699104,6839,1021100,"Manhattan, Census Tract 211",56053,11425,0.184,0.055
"67 Av (M,R)","67 Av (E,M,R)",40.7265058093,-73.8528604837,0.0984912805,0.4030092666,4.0918268557,7105,4071306,"Queens, Census Tract 713.06",56094,15147,0.16,0.072
Greenpoint Av (G),,40.7312673327,-73.9544250018,0.1805039537,0.3578278353,1.9823822579,7172,3057500,"Brooklyn, Census Tract 575",56109,10968,0.199,0.093
"Woodhaven Blvd (M,R)",,40.7330977072,-73.869432085,0.188574251,0.3064405936,1.6250394313,17895,4068300,"Queens, Census Tract 683",58413,3812,0.136,0.053
"Woodhaven Blvd (J,Z)",,40.6937043325,-73.852051997,0.2717847424,0.245767669,0.9042732378,3805,4002200,"Queens, Census Tract 22",56161,17394,0.142,0.092
Ozone Park-Lefferts Blvd (A),"Ozone Park-Lefferts Blvd (A,S)",40.685951332,-73.8257979984,0.2034372568,0.215495419,1.0592721431,5926,4010600,"Queens, Census Tract 106",56284,13915,0.223,0.081
"Beach 98 St (A,S)",,40.5853860243,-73.8205205887,0.2064505292,0.2552494541,1.2363710332,384,4094201,"Queens, Census Tract 942.01",56912,10545,0.158,0.085
"116 St (2,3)",,40.8020983325,-73.9496250011,0.2965173029,0.3228945691,1.0889569207,9914,1019000,"Manhattan, Census Tract 190",57275,4374,0.195,0.068
"Astoria Blvd (N,Q)",,40.7700373325,-73.9180950008,0.1678657146,0.4009266813,2.3883774138,10833,4006501,"Queens, Census Tract 65.01",57341,5720,0.138,0.055
"Forest Hills-71 Av (E,F,M,R)",,40.7215946429,-73.8445167192,0.1328482271,0.3407249906,2.5647688196,22241,4071100,"Queens, Census Tract 711",57853,9100,0.143,0.109
88 St (A),"88 St (A,S)",40.6798433344,-73.8514699989,0.1705666809,0.2535321687,1.4864108709,1893,4005400,"Queens, Census Tract 54",59208,8977,0.22,0.065
"Church Av (F,G)",,40.6442723335,-73.9797211617,0.1818343097,0.3761333791,2.0685500977,8364,3049600,"Brooklyn, Census Tract 496",60568,8096,0.134,0.071
"75 St-Elderts Ln (J,Z)",75th St - Eldert Ln,40.6912903346,-73.8672879988,0.2697446643,0.2313089338,0.8575106922,2740,4000400,"Queens, Census Tract 4",60938,10856,0.14,0.051
Far Rockaway-Mott Av (A),,40.6039953347,-73.7554049979,0.2468337305,0.1419955135,0.5752678664,3696,4100802,"Queens, Census Tract 1008.02",60948,8510,0.252,0.087
Gun Hill Rd (5),,40.8695263329,-73.846384001,0.2639689001,0.1991703875,0.7545221707,4580,2035000,"Bronx, Census Tract 350",61500,16709,0.214,0.113
"Broadway (N,Q)",,40.761432332,-73.9258229986,0.1553111148,0.4567871158,2.9411102765,12182,4005900,"Queens, Census Tract 59",62008,15201,0.165,0.065
86 St (N),,40.5924653339,-73.9781889998,0.186811223,0.3738905105,2.0014349486,2166,3038600,"Brooklyn, Census Tract 386",41736,5114,0.199,0.088
86 St (R),,40.6226870003,-74.0283980003,0.1790699554,0.2949787555,1.6472822302,9581,3006000,"Brooklyn, Census Tract 60",62578,11132,0.076,0.035
2 Av (F),Lower East Side - 2nd Ave,40.7234019995,-73.9899379995,0.1851184604,0.3435728686,1.8559622193,15793,1003602,"Manhattan, Census Tract 36.02",62667,16354,0.292,0.064
Beach 67 St-Arverne By The Sea (A),Beach 67th St,40.5909273343,-73.796923999,0.2302887921,0.1978760792,0.8592518871,1689,4095400,"Queens, Census Tract 954",62772,10827,0.174,0.084
Bay Ridge-95 St (R),,40.6166220006,-74.0308760006,0.1318937291,0.3318438613,2.5159942293,4916,3005400,"Brooklyn, Census Tract 54",62778,11537,0.136,0.058
"Briarwood-Van Wyck Blvd (E,F)",,40.7091621489,-73.8206926355,0.1528824983,0.356270501,2.3303550437,3590,4021600,"Queens, Census Tract 216",62903,10180,0.076,0.042
Jamaica-Van Wyck (E),,40.7028988866,-73.8170128703,0.2200873856,0.221500739,1.0064217829,3994,4021600,"Queens, Census Tract 216",62903,10180,0.076,0.042
Clinton-Washington Avs (C),"Clinton-Washington Avs (A,C)",40.6832633329,-73.9658379987,0.1724786614,0.4065397356,2.3570436615,5522,3019900,"Brooklyn, Census Tract 199",63295,10909,0.109,0.049
Prospect Av (R),"Prospect Av (D,N,R)",40.6654140001,-73.9928720006,0.1733916327,0.3892355903,2.2448349107,4818,3014300,"Brooklyn, Census Tract 143",63606,9648,0.19,0.067
Canarsie-Rockaway Pkwy (L),,40.6466540004,-73.9018499999,0.2888395152,0.2333155875,0.8077689347,10483,3097400,"Brooklyn, Census Tract 974",63627,4155,0.203,0.104
"15 St-Prospect Park (F,G)",,40.6600360217,-73.9797358061,0.1317767155,0.4243532919,3.2202448687,5378,3016900,"Brooklyn, Census Tract 169",63788,13661,0.263,0.094
Grand St (L),,40.7115763338,-73.940496999,0.2311827957,0.3343931465,1.4464447732,5844,3049500,"Brooklyn, Census Tract 495",63864,25070,0.143,0.057
71 St (D),,40.619259043,-73.9988409491,0.1192607613,0.4368415846,3.6629112529,3913,3026200,"Brooklyn, Census Tract 262",64539,14496,0.14,0.068
"DeKalb Av (B,Q,R)","DeKalb Av (B,D,N,Q,R)",40.6906350003,-73.9818240004,0.1783318745,0.3775411352,2.117070413,13120,3003100,"Brooklyn, Census Tract 31",64668,7273,0.042,0.043
85 St-Forest Pkwy (J),,40.692427333,-73.8600869993,0.2300682406,0.2576505743,1.1198876196,3044,4001200,"Queens, Census Tract 12",64808,15533,0.121,0.059
Lorimer St (L)/Metropolitan Av (G),Lorimer St (L),40.7140723342,-73.9502480002,0.1886633654,0.4060378432,2.1521817038,13836,3050100,"Brooklyn, Census Tract 501",65189,7201,0.1,0.06
77 St (R),,40.6297420002,-74.0255099996,0.1260382089,0.3509965381,2.7848423201,4529,3013600,"Brooklyn, Census Tract 136",65456,10176,0.162,0.069
"104 St (J,Z)",104th-102nd Sts,40.6951663319,-73.844434999,0.2528921508,0.2212184351,0.8747540578,2075,4002800,"Queens, Census Tract 28",66045,6520,0.136,0.07
1 Av (L),,40.7309753088,-73.9816808751,0.1621862193,0.3460652711,2.1337526246,21599,1003400,"Manhattan, Census Tract 34",66623,10891,0.171,0.048
"125 St (2,3)",,40.8077543328,-73.9454950002,0.3098660188,0.2929699482,0.94547298,13040,1020000,"Manhattan, Census Tract 200",66837,10020,0.1,0.046
Union St (R),"Union St (D,N,R)",40.6773160005,-73.9831099993,0.1559332105,0.391978133,2.513756574,5429,3011900,"Brooklyn, Census Tract 119",66875,15788,0.097,0.057
"Smith / 9th Street (F, G)",Smith - 9th Sts,40.6736413946,-73.9958917276,0.2477972209,0.2879696588,1.1621181939,3921,3011900,"Brooklyn, Census Tract 119",66875,15788,0.097,0.057
Morris Park (5),,40.8543643327,-73.860495,0.1427032849,0.2622695114,1.8378659719,1737,2024800,"Bronx, Census Tract 248",66918,19094,0.091,0.068
Eastchester-Dyre Av (5),,40.8883003325,-73.8308340008,0.2503973876,0.1840163793,0.7348973608,3734,2048400,"Bronx, Census Tract 484",68370,10761,0.082,0.05
"Prince St (N,R)",,40.7243289992,-73.9977020001,0.2039961078,0.3149207192,1.5437584697,14587,1004300,"Manhattan, Census Tract 43",68483,11061,0.203,0.069
Graham Av (L),,40.7145763315,-73.9439439979,0.1739616803,0.4282045206,2.4614876096,9257,3049700,"Brooklyn, Census Tract 497",68646,14988,0.11,0.054
"Broad Channel (A,S)",,40.608402514,-73.8158326868,0.117558276,0.1282911286,1.0912981456,192,4107201,"Queens, Census Tract 1072.01",69625,14963,0.087,0.054
181 St (A),,40.8516953327,-73.9379690016,0.1771834318,0.4120474371,2.3255415753,9463,1027300,"Manhattan, Census Tract 273",71019,17203,0.159,0.063
Rockaway Blvd (A),"Rockaway Blvd (A,S)",40.6804293334,-73.8438529971,0.2246582868,0.2335603791,1.0396250342,6341,4008600,"Queens, Census Tract 86",71316,12505,0.075,0.055
"125 St (A,B,C,D)",,40.8110720063,-73.9522479975,0.2803569767,0.3139064411,1.1196669503,24612,1025700,"Manhattan, Census Tract 257",71417,8110,0.188,0.066
"Kew Gardens-Union Turnpike (E,F)",Kew Gardens - Union Tpke,40.7140351529,-73.8303702702,0.1647570136,0.3180710906,1.9305465889,21532,4077300,"Queens, Census Tract 773",71750,11471,0.096,0.068
Pelham Pkwy (5),,40.8589853329,-73.8553590001,0.1861036024,0.2407734319,1.2937601895,2339,2032600,"Bronx, Census Tract 326",73158,9846,0.044,0.034
Bedford Av (L),,40.7171743323,-73.9566649984,0.1787444443,0.3678060497,2.0577201778,28393,3055300,"Brooklyn, Census Tract 553",73171,17295,0.115,0.058
"Northern Blvd (M,R)","Northern Blvd (E,M,R)",40.752825163,-73.9060650803,0.1970120047,0.3490171936,1.7715529271,5869,4025500,"Queens, Census Tract 255",73482,8698,0.09,0.059
"4 Av (F,G)/9 St (R)","4 Av (F,G)",40.6702720006,-73.9897789997,0.1689315949,0.3861360598,2.2857539469,11005,3012100,"Brooklyn, Census Tract 121",75568,16698,0.08,0.042
Roosevelt Island (F),Roosevelt Island - Main St,40.7591723333,-73.953235,0.1614619792,0.4547189097,2.8162599762,5207,1023801,"Manhattan, Census Tract 238.01",76594,11257,0.101,0.037
Vernon Blvd-Jackson Av (7),,40.7426263326,-73.9535809988,0.1315785839,0.4280019559,3.2528238503,11677,4000700,"Queens, Census Tract 7",77475,13696,0.045,0.023
21 St (G),,40.744129,-73.9495999994,0.2579864472,0.3363988383,1.3039399625,1266,4000700,"Queens, Census Tract 7",77475,13696,0.045,0.023
"50 St (C,E)","50 St (A,C,E)",40.7624563326,-73.985984,0.204040219,0.2896200757,1.4194264107,18313,1013300,"Manhattan, Census Tract 133",77619,13036,0.139,0.035
Clinton-Washington Avs (G),,40.6880943346,-73.9667959983,0.1636313676,0.3579006824,2.1872376162,4226,3019700,"Brooklyn, Census Tract 197",77803,15128,0.12,0.041
Lafayette Av (C),"Lafayette Av (A,C)",40.6861133333,-73.9739459982,0.2238749692,0.3360856316,1.5012202248,4192,3018100,"Brooklyn, Census Tract 181",79771,9812,0.1,0.075
"75 Av (E,F)",,40.7180449871,-73.8369236932,0.1006487568,0.4060163319,4.0339925182,2998,4076901,"Queens, Census Tract 769.01",80480,9988,0.069,0.058
"West 4 St-Washington Sq (A,B,C,D,E,F,M)",W 4th St - Washington Sq (Lower),40.7322548265,-74.0003081471,0.1712479295,0.3394837277,1.9824106995,38618,1006500,"Manhattan, Census Tract 65",81389,10165,0.098,0.041
Fulton St (G),,40.6871193327,-73.9753749987,0.2188163507,0.405870426,1.8548450548,3373,3003300,"Brooklyn, Census Tract 33",82381,19790,0.188,0.082
"Nevins St (2,3,4,5)",,40.6883109131,-73.9804067987,0.2435737796,0.2881022079,1.1828128971,8860,3003300,"Brooklyn, Census Tract 33",82381,19790,0.188,0.082
"Court Sq (E,G,M,7)",Long Island City - Court Sq,40.7463053671,-73.9438155956,0.1796539393,0.3585563061,1.9958165543,17211,4001900,"Queens, Census Tract 19",83235,35814,0.075,0.062
Beverley Rd (Q),Beverly Rd,40.6439049317,-73.9643577955,0.2044139635,0.3462426055,1.6938304975,1985,3152200,"Brooklyn, Census Tract 1522",84500,9629,0.096,0.057
"Bergen St (2,3)","Bergen St (2,3,4)",40.6808624705,-73.974999151,0.1419992383,0.4300110342,3.0282629636,3304,3012902,"Brooklyn, Census Tract 129.02",85313,30861,0.149,0.096
"Fort Hamilton Pkwy (F,G)",,40.650782001,-73.9757759989,0.1216396936,0.4313635746,3.5462402266,4511,3050400,"Brooklyn, Census Tract 504",85925,8728,0.073,0.052
"28 St (N,R)",,40.7454543333,-73.9886980007,0.1859595498,0.3617125892,1.945114352,10300,1007600,"Manhattan, Census Tract 76",88333,33127,0.148,0.063
"Hoyt St (2,3)",,40.6905445185,-73.9850637961,0.2438867984,0.3110261467,1.2752889814,5332,3003700,"Brooklyn, Census Tract 37",88864,21666,0.123,0.059
"96 St (1,2,3)",,40.7939193344,-73.9723229995,0.1872201266,0.3701972614,1.9773368821,36379,1018300,"Manhattan, Census Tract 183",88897,21496,0.084,0.027
Houston St (1),"Houston St (1,2)",40.7282513336,-74.0053670018,0.1438301492,0.34521809,2.4001789049,12286,1003700,"Manhattan, Census Tract 37",89762,21315,0.103,0.067
Canal St (1),"Canal St (1,2)",40.7228543313,-74.0062770002,0.1624072073,0.3211762374,1.9775984252,5045,1003700,"Manhattan, Census Tract 37",89762,21315,0.103,0.067
Nassau Av (G),,40.7244803312,-73.9511829998,0.1687224394,0.3799452589,2.2518952444,7213,3056900,"Brooklyn, Census Tract 569",90387,11181,0.049,0.026
103 St (1),,40.7994463339,-73.9683789992,0.2241176905,0.3439757522,1.5347996467,10909,1019100,"Manhattan, Census Tract 191",90711,17547,0.076,0.022
"23 St (C,E)","23 St (A,C,E)",40.745906333,-73.9980410006,0.1803706078,0.3442256617,1.908435448,21134,1009300,"Manhattan, Census Tract 93",90819,18674,0.192,0.104
Cathedral Pkwy-110 St (1),Cathedral Pkwy (110th St),40.803967333,-73.9668470001,0.1823840076,0.3466631068,1.9007319302,11599,1019500,"Manhattan, Census Tract 195",91504,20757,0.138,0.047
"Flushing Av (J,M)",,40.7004047367,-73.9413773483,0.2767495952,0.2304945649,0.8328632413,6116,3028501,"Brooklyn, Census Tract 285.01",93250,53982,0.121,0.226
190 St (A),,40.8590223322,-73.9341799994,0.1799325477,0.4157975496,2.3108523439,4142,1028100,"Manhattan, Census Tract 281",94044,22818,0.06,0.043
50 St (1),"50 St (1,2)",40.7617283331,-73.9838489999,0.1702758755,0.2903026001,1.7048956539,23175,1013100,"Manhattan, Census Tract 131",97303,13909,0.161,0.051
"7 Av (B,D,E)",,40.7629704855,-73.9816978238,0.1694324359,0.2845057209,1.679169159,13685,1013100,"Manhattan, Census Tract 131",97303,13909,0.161,0.051
"Spring St (C,E)","Spring St (A,C,E)",40.726227335,-74.0037389987,0.1641475742,0.3277140523,1.9964599166,10658,1004900,"Manhattan, Census Tract 49",98047,11008,0.035,0.019
"Clark St (2,3)",,40.697466333,-73.9930859983,0.1538439338,0.3832216431,2.4909766257,5589,3000501,"Brooklyn, Census Tract 5.01",98073,19143,0.111,0.06
"47-50 Sts-Rockefeller Center (B,D,F,M)",,40.7586413347,-73.9813310021,0.1608792401,0.3190739218,1.9833132081,47824,1009600,"Manhattan, Census Tract 96",99444,90348,0.065,0.093
"Carroll St (F,G)",,40.6802736847,-73.9949469798,0.1360301172,0.4048450804,2.9761429949,9751,3007700,"Brooklyn, Census Tract 77",102625,33606,0.057,0.029
"7 Av (B,Q)",,40.6771025129,-73.9728527915,0.1200446523,0.4510871077,3.7576609958,8120,3016100,"Brooklyn, Census Tract 161",104167,13622,0.059,0.033
"Lexington Av-53 St (E,M)/51 St (6)","Lexington Av-53 St (E,M)",40.7574686416,-73.9690723742,0.139307518,0.3168304697,2.2743242737,55797,1009800,"Manhattan, Census Tract 98",104198,11773,0.047,0.027
3 Av (L),,40.7326913326,-73.985750001,0.1804721302,0.3769326184,2.0885918395,6606,1004800,"Manhattan, Census Tract 48",104549,14115,0.076,0.032
18 St (1),"18 St (1,2)",40.741040333,-73.9978710011,0.1573487661,0.3334789256,2.119361555,7090,1008100,"Manhattan, Census Tract 81",104647,8910,0.068,0.027
"14 St (A,C,E)/8 Av (L)","14 St (A,C,E)",40.7408933336,-74.0016899994,0.2010803396,0.331732093,1.649749019,38895,1008100,"Manhattan, Census Tract 81",104647,8910,0.068,0.027
23 St (1),"23 St (1,2)",40.7440813329,-73.995657002,0.1795717483,0.338649915,1.885875246,13233,1009100,"Manhattan, Census Tract 91",107241,9880,0.159,0.05
York St (F),,40.6997430009,-73.9868849998,0.1646255056,0.3810257908,2.3145003529,7512,3001300,"Brooklyn, Census Tract 13",108170,10300,0.35,0.07
"High St (A,C)",,40.6993373327,-73.990531001,0.2065217835,0.3138700132,1.5197913163,7904,3001300,"Brooklyn, Census Tract 13",108170,10300,0.35,0.07
"Hoyt-Schermerhorn Sts (A,C,G)",,40.6884088095,-73.98503624,0.2416030843,0.2937654523,1.2159010848,7581,3004100,"Brooklyn, Census Tract 41",108510,29374,0.099,0.056
"72 St (1,2,3)",,40.778453334,-73.981970001,0.1615465105,0.3699261419,2.2899048748,36840,1015900,"Manhattan, Census Tract 159",108539,14814,0.113,0.042
Christopher St-Sheridan Sq (1),"Christopher St-Sheridan Sq (1,2)",40.733422334,-74.0029059989,0.1884086234,0.283499934,1.5047078466,10256,1007300,"Manhattan, Census Tract 73",109321,11952,0.054,0.025
"Bergen St (F,G)",,40.686110881,-73.9907564955,0.1461886815,0.402622195,2.7541270013,9851,3006900,"Brooklyn, Census Tract 69",110217,27840,0.069,0.034
116 St-Columbia University (1),,40.8077223343,-73.9641099979,0.1325014554,0.3186717955,2.4050437374,12135,1020500,"Manhattan, Census Tract 205",112250,44670,0.05,0.05
"57 St-7 Av (N,Q,R)",57th St,40.7645658585,-73.9807297331,0.1637032396,0.3613421304,2.2072998145,25898,1013700,"Manhattan, Census Tract 137",112685,24919,0.107,0.053
"Broadway-Lafayette St (B,D,F,M)/Bleecker St (6)","Broadway-Lafayette St (B,D,F,M)",40.7252973323,-73.9962039984,0.1900725624,0.3504117572,1.843568334,35062,1005502,"Manhattan, Census Tract 55.02",114643,22279,0.128,0.048
"Court St (R)/Borough Hall (2,3,4,5)","Court St (N,R)",40.6941968141,-73.9918183091,0.1613628323,0.3463922997,2.1466672019,29907,3000900,"Brooklyn, Census Tract 9",115952,22666,0.078,0.037
79 St (1),"79 St (1,2)",40.7839343327,-73.9799170004,0.175236635,0.3411607735,1.9468575934,15401,1016700,"Manhattan, Census Tract 167",116111,16435,0.071,0.032
96 St (6),96 St (4),40.7856723335,-73.9510700007,0.1578678948,0.3699480206,2.343402508,20746,1015801,"Manhattan, Census Tract 158.01",117457,35927,0.063,0.03
"7 Av (F,G)",,40.6662450237,-73.9802511789,0.1123524605,0.4186225544,3.725975849,10224,3015100,"Brooklyn, Census Tract 151",118015,11762,0.05,0.026
"Jay St-MetroTech (A,C,F,R)",Jay St - Borough Hall,40.6924709704,-73.9872181531,0.1887514723,0.3224941522,1.7085649625,31112,3001100,"Brooklyn, Census Tract 11",120208,37036,0.084,0.065
23 St (6),23 St (4),40.7398643336,-73.9865990018,0.1435954515,0.3487805354,2.4289107472,24780,1005600,"Manhattan, Census Tract 56",120547,37940,0.167,0.057
"23 St (N,R)",,40.7413030002,-73.9893440005,0.1704056855,0.3602939194,2.1143303895,20339,1005600,"Manhattan, Census Tract 56",120547,37940,0.167,0.057
28 St (6),28 St (4),40.7430703328,-73.9842640015,0.1707018709,0.335107525,1.963115713,19382,1005600,"Manhattan, Census Tract 56",120547,37940,0.167,0.057
"Wall St (4,5)",,40.7075573344,-74.0118619992,0.1301740547,0.3467784253,2.6639596201,20963,1001300,"Manhattan, Census Tract 13",120861,12328,0.094,0.032
Rector St (R),"Rector St (N,R)",40.70774509,-74.0129745624,0.1422835241,0.297421323,2.0903426794,2474,1001300,"Manhattan, Census Tract 13",120861,12328,0.094,0.032
Rector St (1),,40.707513333,-74.0137830008,0.1404887915,0.2871734367,2.0441021211,9569,1001300,"Manhattan, Census Tract 13",120861,12328,0.094,0.032
Cortlandt St (R),"Cortlandt St (NB only) (N,R)",40.7105133177,-74.0111319648,0.270387186,0.1693719675,0.6264053042,3311,1001300,"Manhattan, Census Tract 13",120861,12328,0.094,0.032
"Wall St (2,3)",,40.7068213328,-74.009099999,0.1043119547,0.3540826111,3.3944585941,21731,1000700,"Manhattan, Census Tract 7",122648,14234,0.106,0.034
"Broad St (J,Z)",,40.7064763341,-74.0110560005,0.150984434,0.3473558967,2.3006073374,4257,1000700,"Manhattan, Census Tract 7",122648,14234,0.106,0.034
"23 St (F,M)",,40.7429546509,-73.9927650045,0.1509892379,0.3753267758,2.4857849541,22717,1005800,"Manhattan, Census Tract 58",122661,82743,0.079,0.05
"42 St-Bryant Pk (B,D,F,M)/5 Av (7)","42 St-Bryant Pk (B,D,F,M)",40.7541843346,-73.9845909984,0.1571844447,0.3548396147,2.2574728395,42540,1011300,"Manhattan, Census Tract 113",124605,45808,0.204,0.305
86 St (1),"86 St (1,2)",40.788644334,-73.9762179981,0.1701149089,0.3580255264,2.1046099293,17647,1017500,"Manhattan, Census Tract 175",126901,19588,0.039,0.019
"14 St (F,M,1,2,3)/6 Av (L)","14 St (1,2,3)",40.7378263333,-74.0002010006,0.1709801072,0.3504074854,2.049404993,44122,1007100,"Manhattan, Census Tract 71",127017,19692,0.08,0.027
"Grand Army Plaza (2,3)","Grand Army Plaza (2,3,4)",40.6752950288,-73.9709563314,0.132056525,0.4143854389,3.1379399004,6650,3015900,"Brooklyn, Census Tract 159",127747,13304,0.037,0.022
"Lexington Av (N,Q,R)/59 St (4,5,6)",Lexington Ave - 59th St,40.7627091887,-73.9673750166,0.1719318515,0.3315331769,1.9282824794,59135,1011402,"Manhattan, Census Tract 114.02",132500,57724,0.035,0.025
"Canal St (J,N,Q,R,Z,6)",Canal St (4),40.7188033347,-74.000192999,0.1575549014,0.3760099397,2.3865327981,41151,1004500,"Manhattan, Census Tract 45",134750,44259,0.065,0.063
Spring St (6),Spring St (4),40.7223013333,-73.9971409995,0.1973380691,0.2935950024,1.4877768073,11789,1004500,"Manhattan, Census Tract 45",134750,44259,0.065,0.063
66 St-Lincoln Center (1),"66 St-Lincoln Center (1,2)",40.7734403342,-73.9822090004,0.1608192855,0.3191335729,1.9844235218,20282,1014900,"Manhattan, Census Tract 149",137794,39194,0.058,0.028
Lexington Av-63 St (F),,40.7646184282,-73.9660896434,0.1361598918,0.3345203852,2.4568202925,11731,1012000,"Manhattan, Census Tract 120",138258,30566,0.071,0.043
68 St-Hunter College (6),68 St-Hunter College (4),40.7681413339,-73.9638700015,0.144521581,0.317370713,2.1960091414,28423,1012000,"Manhattan, Census Tract 120",138258,30566,0.071,0.043
"49 St (N,Q,R)",,40.759802307,-73.9842095658,0.1959751557,0.3262969496,1.6649914038,23647,1012500,"Manhattan, Census Tract 125",139615,26661,0.2,0.08
33 St (6),33 St (4),40.7460813322,-73.9820760012,0.16637318,0.3160646571,1.8997332208,26746,1007400,"Manhattan, Census Tract 74",140242,26419,0.125,0.052
28 St (1),"28 St (1,2)",40.7472153324,-73.9933650014,0.1833222471,0.3363129271,1.8345450834,12948,1009500,"Manhattan, Census Tract 95",144444,26428,0.108,0.066
"86 St (4,5,6)",86 St (4),40.7794923318,-73.9555889998,0.1639824288,0.3566923125,2.1751861776,57110,1014801,"Manhattan, Census Tract 148.01",145083,43217,0.027,0.024
"8 St-New York University (N,R)",8th St - NYU,40.730465332,-73.9925079989,0.1597697761,0.3666849754,2.2950834904,15211,1005700,"Manhattan, Census Tract 57",156500,25767,0.052,0.031
Astor Place (6),Astor Place (4),40.7300543338,-73.991069999,0.1680686354,0.340586323,2.0264716387,15589,1005700,"Manhattan, Census Tract 57",156500,25767,0.052,0.031
"5 Av-53 St (E,M)",,40.760087166,-73.9752485047,0.1225855049,0.2591086319,2.1136971464,20171,1010200,"Manhattan, Census Tract 102",160729,140285,0.083,0.083
City Hall (R),"City Hall (N,R)",40.7132726645,-74.0069858179,0.1611497938,0.3227156475,2.0025818209,2636,1003100,"Manhattan, Census Tract 31",160811,19491,0.09,0.039
"Brooklyn Bridge-City Hall (4,5,6)/Chambers St (J,Z)",Brooklyn Bridge-City Hall (4),40.713065333,-74.0041310011,0.1709358772,0.31526254,1.8443321856,29923,1003100,"Manhattan, Census Tract 31",160811,19491,0.09,0.039
57 St (F),,40.7640853339,-73.9773680013,0.1613139278,0.3165045905,1.9620413117,12343,1011201,"Manhattan, Census Tract 112.01",167596,64907,0.024,0.028
77 St (6),77 St (4),40.773620334,-73.9598739981,0.1550373102,0.3206193604,2.0680142089,31571,1012800,"Manhattan, Census Tract 128",170250,40406,0.051,0.027
"14 St-Union Sq (L,N,Q,R,4,5,6)",Union Sq - 14th St (4-5-6),40.7346733346,-73.9899509989,0.180217575,0.3595290889,1.9949724043,96483,1005200,"Manhattan, Census Tract 52",174286,62382,0.076,0.037
"59 St-Columbus Circle (A,B,C,D,1)","59 St-Columbus Circle (A,B,C,D)",40.768249865,-73.9816487234,0.1818372781,0.3175890601,1.7465563905,64498,1014500,"Manhattan, Census Tract 145",179722,31698,0.096,0.08
Franklin St (1),"Franklin St (1,2)",40.7193183342,-74.0068860023,0.140202714,0.3007703666,2.1452535263,4828,1003300,"Manhattan, Census Tract 33",202153,54211,0.059,0.034
"Canal St (A,C,E)",Canal St - Holland Tunnel,40.7208243331,-74.0052290019,0.1538007194,0.3214895347,2.0902992909,16384,1003300,"Manhattan, Census Tract 33",202153,54211,0.059,0.034
"Chambers St (1,2,3)",,40.7154783332,-74.0092660017,0.1573470242,0.3361864013,2.1365920519,17951,1002100,"Manhattan, Census Tract 21",215745,40828,0.02,0.013